{
  "primaryPipWeight": 0.061595597137781614,
  "secondaryPipWeight": 0.1446105805080972,
  "tertiaryPipWeight": 0.05778421359814713,
  "storedMaterialWeight": 0.07675217973803965,
  "chalkQuality": 0.258275628394793,
  "basicDyeQuality": 0.050776225697479305,
  "starterMaterialQuality": 0.4231937263646092,
  "draftMaterialQuality": 0.1752944127728819,
  "dualMaterialQuality": 0.47325778954097375,
  "buyerMaterialWeight": 0.6205341340572392,
  "buyerColorWeight": 1.6922798653658793,
  "glassWeight": 0.0,
  "heuristicRoundThreshold": 3,
  "heuristicLookahead": 10,
  "alumQuality": 2.302912105994977,
  "creamOfTartarQuality": 2.2760441582029265,
  "gumArabicQuality": 1.9204988868489856,
  "potashQuality": 2.3328803975742756,
  "vinegarQuality": 0.0,
  "argolQuality": 0.0,
  "purePrimaryDyeQuality": 1.599974987601617,
  "primaryDyeQuality": 1.6830285596727372,
  "secondaryDyeQuality": 2.1463760936336382,
  "tertiaryDyeQuality": 1.6839900965562682,
  "primaryColorCoverageWeight": 1.0,
  "secondaryColorCoverageWeight": 1.0,
  "cardsInDeckWeight": 0.0,
  "cardsInDeckSquaredWeight": 0.0,
  "materialTypeCountWeight": 1.0,
  "materialCoverageWeight": 1.0,
  "heuristicScoreThreshold": 12.000150638884449
}
