{
  "primaryColorValue": 0.1726645239128179,
  "secondaryColorValue": 0.3394846300682843,
  "tertiaryColorValue": 0.006801830998124712,
  "storedCeramicsWeight": 0.14586831270477432,
  "storedPaintingsWeight": 0.19012471964932365,
  "storedTextilesWeight": 0.11740576311361767,
  "deckThinningValue": 1.7893110695369208,
  "chalkQuality": 0.07591274450377535,
  "basicDyeQuality": 0.0,
  "starterMaterialQuality": 0.2734159555786147,
  "ceramicsMaterialQuality": 0.26329239213148453,
  "paintingsMaterialQuality": 0.3783390173622495,
  "textilesMaterialQuality": 0.5554055610348888,
  "dualMaterialQuality": 0.24567649974714756,
  "sellCardMaterialAlignment": 0.3234670274985224,
  "sellCardColorAlignment": 0.9751344967786746,
  "heuristicRoundThreshold": 6,
  "heuristicLookahead": 3,
  "alumQuality": 4.379322949811509,
  "creamOfTartarQuality": 1.3917239572386035,
  "gumArabicQuality": 4.322986348180802,
  "potashQuality": 4.845012936723006,
  "vinegarQuality": 2.1357853232432795,
  "linseedOilQuality": 0.6154806019493746,
  "primaryDyeQuality": 0.5873289178187966,
  "secondaryDyeQuality": 4.752144377629264,
  "tertiaryDyeQuality": 0.47326839994063186,
  "rolloutEpsilon": 0.061593536801218894,
  "rolloutSellAffordableMultiplier": 134,
  "rolloutSellBase": 36,
  "rolloutMixBase": 71,
  "rolloutMixPairWeight": 5,
  "rolloutMixCountWeight": 8,
  "rolloutMixNoPairs": 50,
  "rolloutWorkshopBase": 158,
  "rolloutWorkshopCountWeight": 16,
  "rolloutWorkshopEmpty": 44,
  "rolloutDestroyWithTargets": 187,
  "rolloutDestroyNoTargets": 61,
  "rolloutDrawBase": 308,
  "rolloutDrawCountWeight": 4,
  "rolloutOtherPriority": 8,
  "rolloutEndTurnThreshold": 70,
  "rolloutEndTurnProbabilityEarly": 1.0,
  "rolloutEndTurnProbabilityLate": 0.02650382848615712,
  "rolloutEndTurnMaxRound": 11,
  "rolloutWsMaterialBaseMultiplier": 1,
  "rolloutWsMaterialColorsMetMultiplier": 32,
  "rolloutWsActionBonus": 13
}