{
  "primaryColorValue": 0.1726645239128179,
  "secondaryColorValue": 0.381967631805559,
  "tertiaryColorValue": 0.01376388288043278,
  "storedCeramicsWeight": 0.12929817655570117,
  "storedPaintingsWeight": 0.04657351818807831,
  "storedTextilesWeight": 0.11184923841361442,
  "deckThinningValue": 1.5706052141930393,
  "chalkQuality": 0.3967610430185035,
  "basicDyeQuality": 0.0,
  "starterMaterialQuality": 0.7954205601901186,
  "ceramicsMaterialQuality": 0.2387519636097142,
  "paintingsMaterialQuality": 0.4844309913204942,
  "textilesMaterialQuality": 0.6655026223412306,
  "dualMaterialQuality": 0.3794720990618548,
  "sellCardMaterialAlignment": 0.6468122165033053,
  "sellCardColorAlignment": 1.0770915362224793,
  "heuristicRoundThreshold": 6,
  "heuristicLookahead": 4,
  "alumQuality": 6.591433479654801,
  "creamOfTartarQuality": 0.4097148876228412,
  "gumArabicQuality": 4.798154022225132,
  "potashQuality": 7.40043771653779,
  "vinegarQuality": 1.7309440904030058,
  "linseedOilQuality": 0.5334948049461349,
  "primaryDyeQuality": 0.30117831945278495,
  "secondaryDyeQuality": 2.73208704042718,
  "tertiaryDyeQuality": 0.774931992974379,
  "rolloutEpsilon": 0.061593536801218894,
  "rolloutSellAffordableMultiplier": 113,
  "rolloutSellBase": 41,
  "rolloutMixBase": 53,
  "rolloutMixPairWeight": 2,
  "rolloutMixCountWeight": 8,
  "rolloutMixNoPairs": 24,
  "rolloutWorkshopBase": 117,
  "rolloutWorkshopCountWeight": 15,
  "rolloutWorkshopEmpty": 80,
  "rolloutDestroyWithTargets": 92,
  "rolloutDestroyNoTargets": 21,
  "rolloutDrawBase": 235,
  "rolloutDrawCountWeight": 6,
  "rolloutOtherPriority": 14,
  "rolloutEndTurnThreshold": 89,
  "rolloutEndTurnProbabilityEarly": 0.9176337885621673,
  "rolloutEndTurnProbabilityLate": 0.12447077722087417,
  "rolloutEndTurnMaxRound": 8,
  "rolloutWsMaterialBaseMultiplier": 1,
  "rolloutWsMaterialColorsMetMultiplier": 22,
  "rolloutWsActionBonus": 9
}