{
  "primaryColorValue": 0.09736666423492418,
  "secondaryColorValue": 0.36706461458961226,
  "tertiaryColorValue": 0.014576070430465734,
  "storedCeramicsWeight": 0.22101555576505863,
  "storedPaintingsWeight": 0.25588012679179156,
  "storedTextilesWeight": 0.11184923841361442,
  "deckThinningValue": 1.183752418212361,
  "chalkQuality": 0.22145500980041383,
  "basicDyeQuality": 0.0,
  "starterMaterialQuality": 0.694758378499179,
  "ceramicsMaterialQuality": 0.20623131202635564,
  "paintingsMaterialQuality": 0.479489200150255,
  "textilesMaterialQuality": 0.7852586509945603,
  "dualMaterialQuality": 0.2540668647686056,
  "sellCardMaterialAlignment": 0.6468122165033053,
  "sellCardColorAlignment": 0.6611619930057914,
  "heuristicRoundThreshold": 6,
  "heuristicLookahead": 3,
  "alumQuality": 7.282879379698303,
  "creamOfTartarQuality": 0.7269792026912831,
  "gumArabicQuality": 5.476923434624425,
  "potashQuality": 5.299648354660953,
  "vinegarQuality": 1.0635458438147385,
  "linseedOilQuality": 0.8376805747549587,
  "primaryDyeQuality": 0.5325314687785523,
  "secondaryDyeQuality": 2.6682093675750007,
  "tertiaryDyeQuality": 0.7567516891468804,
  "rolloutEpsilon": 0.09127385523110183,
  "rolloutSellAffordableMultiplier": 122,
  "rolloutSellBase": 30,
  "rolloutMixBase": 45,
  "rolloutMixPairWeight": 1,
  "rolloutMixCountWeight": 7,
  "rolloutMixNoPairs": 29,
  "rolloutWorkshopBase": 65,
  "rolloutWorkshopCountWeight": 14,
  "rolloutWorkshopEmpty": 51,
  "rolloutDestroyWithTargets": 61,
  "rolloutDestroyNoTargets": 33,
  "rolloutDrawBase": 168,
  "rolloutDrawCountWeight": 3,
  "rolloutOtherPriority": 17,
  "rolloutEndTurnThreshold": 49,
  "rolloutEndTurnProbabilityEarly": 1.0,
  "rolloutEndTurnProbabilityLate": 0.4472597179180636,
  "rolloutEndTurnMaxRound": 9,
  "rolloutWsMaterialBaseMultiplier": 1,
  "rolloutWsMaterialColorsMetMultiplier": 6,
  "rolloutWsActionBonus": 7
}