{
  "primaryPipWeight": 0.05989161953568463,
  "secondaryPipWeight": 0.15671418822769392,
  "tertiaryPipWeight": 0.06025298651481777,
  "storedMaterialWeight": 0.0523583454745066,
  "chalkQuality": 0.37436275997314294,
  "actionQuality": 1.0,
  "dyeQuality": 1.0,
  "basicDyeQuality": 0.051650857608428635,
  "starterMaterialQuality": 0.44051042136966556,
  "draftMaterialQuality": 0.18071557327300053,
  "dualMaterialQuality": 0.5155106819497334,
  "buyerMaterialWeight": 0.5850337330087659,
  "buyerColorWeight": 1.2854831267971938,
  "glassWeight": 0.0,
  "heuristicRoundThreshold": 3,
  "heuristicLookahead": 12,
  "alumQuality": 2.2247498687658576,
  "creamOfTartarQuality": 3.132226440918188,
  "gumArabicQuality": 2.285858133789577,
  "potashQuality": 1.6820622396355014,
  "vinegarQuality": 0.0,
  "argolQuality": 0.0,
  "primaryDyeQuality": 1.5921767597210639,
  "secondaryDyeQuality": 1.9041944324514533,
  "tertiaryDyeQuality": 1.9270533488518973,
  "primaryColorCoverageWeight": 1.0894485588451617,
  "secondaryColorCoverageWeight": 1.1139253446163104,
  "cardsInDeckWeight": 0.0,
  "cardsInDeckSquaredWeight": 0.0,
  "materialTypeCountWeight": 0.7872671008452515,
  "materialCoverageWeight": 1.1009881413172813
}