{
  "primaryColorValue": 0.1726645239128179,
  "secondaryColorValue": 0.3394846300682843,
  "tertiaryColorValue": 0.017794132261327433,
  "storedCeramicsWeight": 0.14586831270477432,
  "storedPaintingsWeight": 0.19012471964932365,
  "storedTextilesWeight": 0.11740576311361767,
  "deckThinningValue": 1.7893110695369208,
  "chalkQuality": 0.07591274450377535,
  "basicDyeQuality": 0.0,
  "starterMaterialQuality": 0.33895679407018037,
  "ceramicsMaterialQuality": 0.2387519636097142,
  "paintingsMaterialQuality": 0.409537979754092,
  "textilesMaterialQuality": 0.5554055610348888,
  "dualMaterialQuality": 0.3153594739405737,
  "sellCardMaterialAlignment": 0.3693005275811834,
  "sellCardColorAlignment": 0.9751344967786746,
  "heuristicRoundThreshold": 6,
  "heuristicLookahead": 3,
  "alumQuality": 3.721058746089722,
  "creamOfTartarQuality": 0.4094458038093681,
  "gumArabicQuality": 5.392504072115482,
  "potashQuality": 4.313526304340389,
  "vinegarQuality": 2.1357853232432795,
  "linseedOilQuality": 0.6154806019493746,
  "primaryDyeQuality": 0.6179728833040348,
  "secondaryDyeQuality": 3.5381213223421546,
  "tertiaryDyeQuality": 0.47326839994063186,
  "rolloutEpsilon": 0.043028408944073726,
  "rolloutSellAffordableMultiplier": 113,
  "rolloutSellBase": 36,
  "rolloutMixBase": 72,
  "rolloutMixPairWeight": 4,
  "rolloutMixCountWeight": 4,
  "rolloutMixNoPairs": 33,
  "rolloutWorkshopBase": 158,
  "rolloutWorkshopCountWeight": 21,
  "rolloutWorkshopEmpty": 44,
  "rolloutDestroyWithTargets": 108,
  "rolloutDestroyNoTargets": 42,
  "rolloutDrawBase": 286,
  "rolloutDrawCountWeight": 4,
  "rolloutOtherPriority": 19,
  "rolloutEndTurnThreshold": 70,
  "rolloutEndTurnProbabilityEarly": 0.7561007939520646,
  "rolloutEndTurnProbabilityLate": 0.026498682718712703,
  "rolloutEndTurnMaxRound": 9,
  "rolloutWsMaterialBaseMultiplier": 1,
  "rolloutWsMaterialColorsMetMultiplier": 26,
  "rolloutWsActionBonus": 13
}