{
  "primaryColorValue": 0.12862804581001905,
  "secondaryColorValue": 0.3486086527183173,
  "tertiaryColorValue": 0.03519881058100009,
  "storedCeramicsWeight": 0.22101555576505863,
  "storedPaintingsWeight": 0.22101555576505863,
  "storedTextilesWeight": 0.22101555576505863,
  "deckThinningValue": 0.0,
  "chalkQuality": 0.28875754309994073,
  "basicDyeQuality": 0.07853285667080141,
  "starterMaterialQuality": 0.7073165003842109,
  "ceramicsMaterialQuality": 0.479489200150255,
  "paintingsMaterialQuality": 0.479489200150255,
  "textilesMaterialQuality": 0.479489200150255,
  "dualMaterialQuality": 0.5608065971368164,
  "sellCardMaterialAlignment": 0.4315391026111561,
  "sellCardColorAlignment": 0.8542123003404953,
  "heuristicRoundThreshold": 6,
  "heuristicLookahead": 3,
  "alumQuality": 6.816866375345718,
  "creamOfTartarQuality": 1.245326458870583,
  "gumArabicQuality": 5.476923434624425,
  "potashQuality": 7.6727887935891665,
  "vinegarQuality": 1.6670994784835165,
  "linseedOilQuality": 2.128632339864752,
  "primaryDyeQuality": 0.9326703900870651,
  "secondaryDyeQuality": 2.6682093675750007,
  "tertiaryDyeQuality": 0.9272442750174792,
  "rolloutEpsilon": 0.16063164293605517,
  "rolloutSellAffordableMultiplier": 88,
  "rolloutSellBase": 24,
  "rolloutMixBase": 28,
  "rolloutMixPairWeight": 2,
  "rolloutMixCountWeight": 7,
  "rolloutMixNoPairs": 24,
  "rolloutWorkshopBase": 42,
  "rolloutWorkshopCountWeight": 16,
  "rolloutWorkshopEmpty": 45,
  "rolloutDestroyWithTargets": 53,
  "rolloutDestroyNoTargets": 34,
  "rolloutDrawBase": 70,
  "rolloutDrawCountWeight": 2,
  "rolloutOtherPriority": 12,
  "rolloutEndTurnThreshold": 36,
  "rolloutEndTurnProbabilityEarly": 0.8262771467606242,
  "rolloutEndTurnProbabilityLate": 0.8262771467606242,
  "rolloutEndTurnMaxRound": 12,
  "rolloutWsMaterialBaseMultiplier": 5,
  "rolloutWsMaterialColorsMetMultiplier": 5,
  "rolloutWsActionBonus": 5
}
