{
  "primaryColorValue": 0.10583754239790284,
  "secondaryColorValue": 0.3866100006236697,
  "tertiaryColorValue": 0.012382593663825072,
  "storedCeramicsWeight": 0.1177195183212803,
  "storedPaintingsWeight": 0.0475317717731921,
  "storedTextilesWeight": 0.08881482155382014,
  "deckThinningValue": 2.069454531014726,
  "chalkQuality": 0.09881409762203319,
  "basicDyeQuality": 0.0,
  "starterMaterialQuality": 1.2483149929834385,
  "ceramicsMaterialQuality": 0.28589634466323727,
  "paintingsMaterialQuality": 0.4844309913204942,
  "textilesMaterialQuality": 0.6655026223412306,
  "dualMaterialQuality": 0.29972556011185825,
  "sellCardMaterialAlignment": 0.3729697588387228,
  "sellCardColorAlignment": 1.0770915362224793,
  "heuristicRoundThreshold": 6,
  "heuristicLookahead": 4,
  "alumQuality": 5.420415402265359,
  "creamOfTartarQuality": 0.8504137750172776,
  "gumArabicQuality": 4.7261945256933755,
  "potashQuality": 3.9731146986344825,
  "vinegarQuality": 1.790876694718265,
  "linseedOilQuality": 0.5334948049461349,
  "primaryDyeQuality": 0.49175921183122784,
  "secondaryDyeQuality": 2.697719686106708,
  "tertiaryDyeQuality": 0.774931992974379,
  "rolloutEpsilon": 0.061593536801218894,
  "rolloutSellAffordableMultiplier": 91,
  "rolloutSellBase": 41,
  "rolloutMixBase": 67,
  "rolloutMixPairWeight": 3,
  "rolloutMixCountWeight": 8,
  "rolloutMixNoPairs": 20,
  "rolloutWorkshopBase": 126,
  "rolloutWorkshopCountWeight": 16,
  "rolloutWorkshopEmpty": 44,
  "rolloutDestroyWithTargets": 139,
  "rolloutDestroyNoTargets": 40,
  "rolloutDrawBase": 245,
  "rolloutDrawCountWeight": 4,
  "rolloutOtherPriority": 23,
  "rolloutEndTurnThreshold": 60,
  "rolloutEndTurnProbabilityEarly": 1.0,
  "rolloutEndTurnProbabilityLate": 0.6116204475581283,
  "rolloutEndTurnMaxRound": 11,
  "rolloutWsMaterialBaseMultiplier": 1,
  "rolloutWsMaterialColorsMetMultiplier": 10,
  "rolloutWsActionBonus": 9
}
