{
  "primaryColorValue": 0.09736666423492418,
  "secondaryColorValue": 0.25314464918679747,
  "tertiaryColorValue": 0.04379469091440368,
  "storedCeramicsWeight": 0.20823708487671708,
  "storedPaintingsWeight": 0.3142741149158116,
  "storedTextilesWeight": 0.11565565912585998,
  "deckThinningValue": 1.1837524182123613,
  "chalkQuality": 0.30356232911166703,
  "basicDyeQuality": 0.0,
  "starterMaterialQuality": 1.1159111198458618,
  "ceramicsMaterialQuality": 0.6645844050896919,
  "paintingsMaterialQuality": 0.37248056182985084,
  "textilesMaterialQuality": 0.7852586509945603,
  "dualMaterialQuality": 0.2540668647686056,
  "sellCardMaterialAlignment": 0.8146142810892354,
  "sellCardColorAlignment": 1.474000943812126,
  "heuristicRoundThreshold": 6,
  "heuristicLookahead": 4,
  "alumQuality": 6.816866375345718,
  "creamOfTartarQuality": 1.245326458870583,
  "gumArabicQuality": 5.476923434624425,
  "potashQuality": 9.588055836303953,
  "vinegarQuality": 1.4680868343854796,
  "linseedOilQuality": 1.2491190729113597,
  "primaryDyeQuality": 0.9326703900870652,
  "secondaryDyeQuality": 2.6682093675750007,
  "tertiaryDyeQuality": 0.758830538087796,
  "rolloutEpsilon": 0.03995396858409139,
  "rolloutSellAffordableMultiplier": 95,
  "rolloutSellBase": 32,
  "rolloutMixBase": 46,
  "rolloutMixPairWeight": 2,
  "rolloutMixCountWeight": 7,
  "rolloutMixNoPairs": 29,
  "rolloutWorkshopBase": 70,
  "rolloutWorkshopCountWeight": 20,
  "rolloutWorkshopEmpty": 51,
  "rolloutDestroyWithTargets": 71,
  "rolloutDestroyNoTargets": 43,
  "rolloutDrawBase": 148,
  "rolloutDrawCountWeight": 3,
  "rolloutOtherPriority": 19,
  "rolloutEndTurnThreshold": 59,
  "rolloutEndTurnProbabilityEarly": 1.0,
  "rolloutEndTurnProbabilityLate": 0.4860242346353489,
  "rolloutEndTurnMaxRound": 6,
  "rolloutWsMaterialBaseMultiplier": 4,
  "rolloutWsMaterialColorsMetMultiplier": 6,
  "rolloutWsActionBonus": 7
}