{
  "primaryColorValue": 0.1726645239128179,
  "secondaryColorValue": 0.3866100006236697,
  "tertiaryColorValue": 0.012382593663825072,
  "storedCeramicsWeight": 0.11258914156914247,
  "storedPaintingsWeight": 0.05641942994292409,
  "storedTextilesWeight": 0.07367828472907821,
  "deckThinningValue": 1.5706052141930393,
  "chalkQuality": 0.3967610430185035,
  "basicDyeQuality": 0.0,
  "starterMaterialQuality": 0.7287996298938371,
  "ceramicsMaterialQuality": 0.2387519636097142,
  "paintingsMaterialQuality": 0.4844309913204942,
  "textilesMaterialQuality": 0.43201456327036064,
  "dualMaterialQuality": 0.33450675029677546,
  "sellCardMaterialAlignment": 0.3729697588387228,
  "sellCardColorAlignment": 1.0770915362224793,
  "heuristicRoundThreshold": 6,
  "heuristicLookahead": 4,
  "alumQuality": 5.017930695205381,
  "creamOfTartarQuality": 0.8504137750172776,
  "gumArabicQuality": 4.7261945256933755,
  "potashQuality": 3.9731146986344825,
  "vinegarQuality": 1.3489380973543648,
  "linseedOilQuality": 0.5334948049461349,
  "primaryDyeQuality": 0.30117831945278495,
  "secondaryDyeQuality": 2.697719686106708,
  "tertiaryDyeQuality": 0.22586049589251034,
  "rolloutEpsilon": 0.06489737211925227,
  "rolloutSellAffordableMultiplier": 110,
  "rolloutSellBase": 41,
  "rolloutMixBase": 59,
  "rolloutMixPairWeight": 3,
  "rolloutMixCountWeight": 7,
  "rolloutMixNoPairs": 33,
  "rolloutWorkshopBase": 126,
  "rolloutWorkshopCountWeight": 15,
  "rolloutWorkshopEmpty": 44,
  "rolloutDestroyWithTargets": 139,
  "rolloutDestroyNoTargets": 21,
  "rolloutDrawBase": 155,
  "rolloutDrawCountWeight": 4,
  "rolloutOtherPriority": 23,
  "rolloutEndTurnThreshold": 60,
  "rolloutEndTurnProbabilityEarly": 1.0,
  "rolloutEndTurnProbabilityLate": 0.3604313691322193,
  "rolloutEndTurnMaxRound": 10,
  "rolloutWsMaterialBaseMultiplier": 1,
  "rolloutWsMaterialColorsMetMultiplier": 29,
  "rolloutWsActionBonus": 11
}